{
  "manifest": {
    "publishingInformation": {
      "locales": {
        "en-US": {
          "summary": "Some random facts",
          "examplePhrases": [
            "Alexa some facts",
            "Alexa give me a fact",
            "Alexa give me fact on statue of unity"
          ],
          "keywords": [
            "Facts",
            "Some",
            "Facts",
            "Useful",
            "Facts"
          ],
          "name": "Facts",
          "description": "It gives user some random fact, with invocation: \"some facts\"",
          "smallIconUri": "file://assets/images/en-US_smallIconUri.png",
          "updatesDescription": "It can give \"n\" number of facts in a day.",
          "largeIconUri": "file://assets/images/en-US_largeIconUri.png"
        }
      },
      "automaticDistribution": {
        "isActive": false
      },
      "isAvailableWorldwide": true,
      "testingInstructions": "To test skills: \"Some facts\"",
      "category": "EDUCATION_AND_REFERENCE",
      "distributionCountries": []
    },
    "apis": {
      "custom": {
        "endpoint": {
          "uri": "arn:aws:lambda:us-east-1:179381123800:function:ca5960f8-d70b-4e55-afae-368fb835bbcb:Release_0"
        },
        "interfaces": [],
        "regions": {
          "EU": {
            "endpoint": {
              "uri": "arn:aws:lambda:eu-west-1:179381123800:function:ca5960f8-d70b-4e55-afae-368fb835bbcb:Release_0"
            }
          },
          "NA": {
            "endpoint": {
              "uri": "arn:aws:lambda:us-east-1:179381123800:function:ca5960f8-d70b-4e55-afae-368fb835bbcb:Release_0"
            }
          },
          "FE": {
            "endpoint": {
              "uri": "arn:aws:lambda:us-west-2:179381123800:function:ca5960f8-d70b-4e55-afae-368fb835bbcb:Release_0"
            }
          }
        }
      }
    },
    "manifestVersion": "1.0",
    "privacyAndCompliance": {
      "allowsPurchases": false,
      "locales": {
        "en-US": {}
      },
      "containsAds": false,
      "isExportCompliant": true,
      "isChildDirected": false,
      "usesPersonalInfo": false
    }
  }
}